{
    "loss": 0.5131860375404358,
    "accuracy": 0.9568965435028076
}